,Unnamed: 0,Time Desc,jan1,jan2,jan3,jan4,jan5,jan6,jan7,jan8,jan9,jan10,jan11,jan12,jan13,jan14,jan15,jan16,jan17,jan18,jan19,jan20,jan21,jan22,jan23,jan24,jan25,jan26,jan27,jan28,jan29,jan30,jan31
0,0,00:00-00:15,2130.693847,2610.918035,2153.323019,2555.8434780000002,2334.0839170000004,1308.351885,1915.190855,2578.817795,2541.658625,2475.437015,2433.459918,2423.713686,2477.344213,1550.95684,2742.493878,2751.990066,2643.834534,2593.869505,2526.952708,2686.151234,1543.332089,1657.081312,2623.938189,1531.49253,1324.682,2015.581645,2350.554861,2164.087214,2070.919431,2258.746706,1777.3054370000002
1,1,00:15-00:30,1667.385199,2604.648087,1863.922265,2560.3641,2339.435492,1329.347761,2024.2536329999998,2607.25605,2527.3020699999997,2411.159305,2424.071064,2396.385899,2482.806568,1223.103334,2742.818257,2752.568709,2642.688625,2593.594995,2405.8804379999997,2666.3575960000003,1549.465817,1474.496332,2587.428896,1653.5356550000001,939.662231,2137.169648,2146.83275,2108.7660769999998,2185.197591,2111.730881,1519.1133849999999
2,2,00:30-00:45,1544.262102,2441.0026420000004,1612.954243,2445.11796,2337.378041,1328.46793,2102.827194,2367.600598,2535.01996,2418.1624920000004,2424.9223030000003,2365.127879,2386.605696,1252.355842,2741.628518,2734.276802,2648.651022,2576.766337,2166.648953,2670.227596,1614.8525849999999,1340.1960869999998,2602.490014,1685.6509010000002,926.4958710000001,2058.679187,1877.304757,2163.403418,2202.342479,2156.499731,1396.382068
3,3,00:45-01:00,1701.7088629999998,2286.850991,1603.870986,2429.8015179999998,2319.677608,1143.065498,2067.768768,2107.126114,2545.931395,2412.1681,2312.7175039999997,2365.127879,2381.35398,1272.160379,2748.4849440000003,2734.913663,2380.427549,2454.0462399999997,2000.746709,2548.52085,1478.723227,1340.5311980000001,2635.5574920000004,1314.540186,946.2947449999999,1919.332211,1773.8839329999998,2196.812388,2191.664758,2091.6390699999997,1265.0435710000002
4,4,01:00-01:15,1844.7527559999999,2260.23181,1458.656517,2390.5187899999996,2324.941703,958.0218960000001,1958.512942,2009.750017,2558.99257,2413.3422,2297.756302,2299.681434,2377.633313,1093.187096,2632.92016,2733.884817,1949.34042,2166.680211,2094.96268,2537.875767,1329.851499,1370.779524,2492.145691,964.297378,1046.7279720000001,1791.4927879999998,1651.66155,2197.389738,2199.12483,2208.416529,1202.72071
5,5,01:15-01:30,1597.645419,2266.7057440000003,1117.812,2450.0059739999997,2212.471489,984.6849300000001,1713.5489530000002,1704.275322,2511.1707469999997,2421.556506,2303.206861,2296.588472,2234.822943,983.8053869999999,2637.207966,2734.2343739999997,2206.7001579999996,1761.062748,2147.702632,2220.120308,1426.9272970000002,1368.254125,2324.028667,920.6331869999999,1080.6440109999999,1748.745814,1601.428263,2059.170002,2252.0856949999998,2195.737204,1195.721682
6,6,01:30-01:45,2037.8030379999998,2372.807233,1068.663644,2424.691123,1960.8196699999999,1030.470524,1597.058942,1775.44576,2543.258792,2412.328745,2297.663565,1749.743457,2180.198204,973.9321869999999,2635.8042,2731.799181,2424.383628,1627.614033,2279.7973230000002,2061.845753,1514.8025480000001,1374.887451,1885.170135,982.53639,1046.977661,1341.726155,1622.633947,1934.4716329999999,2040.151377,2121.523275,1202.952166
7,7,01:45-02:00,2134.245504,2519.720651,1088.03827,2417.768998,2271.658865,1032.792143,1498.235651,1918.855794,2498.708196,2219.179368,2297.5955719999997,1999.721432,2400.621428,973.722279,2618.053011,2734.072962,2514.412081,1818.701809,2327.8652399999996,2343.733033,1610.6392859999999,1402.786697,2055.622129,984.5930189999999,1088.822943,1865.6119010000002,1549.414741,1924.376906,2007.405799,1890.695862,1308.741211
8,8,02:00-02:15,1492.509603,2596.2645190000003,1216.968275,2421.804184,2333.695236,1079.10671,1227.528639,2086.856581,2351.6175829999997,1773.8673039999999,2278.849102,2142.548298,2403.4958739999997,974.664669,2398.5372899999998,2738.4166179999997,2518.232328,1859.5000989999999,2187.6287,2542.6539789999997,1612.818577,1413.1942199999999,2131.3485579999997,504.79967400000004,1072.858206,1576.882953,1557.264011,1423.965808,2006.7965609999999,1747.312297,1207.496646
9,9,02:15-02:30,1166.5391619999998,2596.5545190000003,1328.128473,2211.940113,2217.431657,910.904144,1176.967492,2176.700519,2022.7087609999999,1513.2417169999999,2257.532769,2257.182666,2394.9294019999998,973.7125550000001,2256.861193,2721.404811,2432.1117649999997,1879.3076899999999,2187.30419,2542.3294690000002,1600.855416,1412.326853,2130.9148059999998,432.06997300000006,1175.561678,1591.023852,1606.3919529999998,1735.1525989999998,1821.833238,1795.432188,1450.633523
10,10,02:30-02:45,1158.3046869999998,2309.304251,1100.285693,2073.092079,2217.461396,915.5148849999999,1192.2938279999998,1843.289162,2199.78915,1627.357938,2249.924919,2285.3295239999998,2162.380512,942.424577,2158.634242,2724.231005,2299.567087,1736.12563,2187.520477,2542.3294690000002,1319.0711039999999,1392.602797,2126.8348149999997,599.813054,1187.345663,1635.273276,1612.523752,1731.3039039999999,1834.8030239999998,1606.57521,1209.366284
11,11,02:45-03:00,1169.196646,2165.033238,1085.28558,2207.776028,2403.5877600000003,947.694492,1202.8225519999999,1631.639963,2240.9407929999998,1820.407985,1950.899762,2291.9610620000003,2199.9026940000003,939.790472,2155.113972,2595.362047,2174.82262,1713.6951980000001,1868.653191,2542.139469,1041.925278,1396.242001,2330.912231,530.748421,1236.09354,1513.739833,1611.072784,1541.497461,1868.466945,1686.3883170000001,1201.559706
12,12,03:00-03:15,1415.224633,1974.674282,1088.049753,2334.424658,2214.544227,968.429605,1217.16089,1558.917498,2008.5243879999998,1861.085605,1501.819243,2156.745799,1887.2385179999999,954.131297,2155.438482,2596.7504489999997,2149.1435420000003,1535.284715,1590.663984,2087.018344,1011.227608,1394.664865,2283.5180969999997,572.345374,1221.121181,1328.525027,1581.30017,1359.120998,1923.1117160000001,1691.2477210000002,1190.356843
13,13,03:15-03:30,1810.729201,1831.7508100000002,917.2333560000001,2402.29068,2227.559323,935.003581,1215.741856,1560.505717,1920.6849559999998,2208.273118,1803.0517280000001,2001.645825,1957.510845,963.77766,1850.3492620000002,2596.209599,2018.6021050000002,1495.7450509999999,1867.898532,2086.1580559999998,1007.1343039999999,1379.095654,2228.612188,554.68114,1190.081549,1037.838947,1587.875233,1319.751783,1909.1007280000001,1737.1293260000002,1189.963098
14,14,03:30-03:45,1837.460523,1751.212081,733.659367,2005.5465789999998,2084.068812,933.4990310000001,1249.8091980000002,1556.589177,1407.091052,2302.181659,1838.8880559999998,1637.517104,1988.842111,967.454564,1851.6820460000001,2450.851839,1758.1522100000002,1487.560668,1731.617766,1718.6389600000002,1013.268337,1382.7205310000002,1743.554703,501.398964,1205.060714,1157.807125,1595.631513,1307.3849890000001,1578.846302,1485.8303050000002,1190.744147
15,15,03:45-04:00,1486.749041,1751.212081,723.534726,1674.212723,1680.265462,927.346686,1166.643527,1554.9863070000001,1232.945552,1826.7199739999999,1687.368787,1140.6278869999999,1963.250866,968.020338,1839.956568,2310.422746,1539.103112,1148.675804,1536.6136689999998,1874.04598,1012.7245710000001,1391.943948,1520.205569,407.545991,1245.279293,1101.552082,1594.5799880000002,1296.8955720000001,1317.727404,1309.445944,1192.82919
16,16,04:00-04:15,1473.9002169999999,1750.05534,722.272209,1287.440434,1235.8752769999999,889.563114,1138.129697,1267.929878,978.0733220000001,1486.355233,1655.2016119999998,1260.405588,1295.54458,908.947007,1454.654902,1839.3368269999999,1157.192791,990.639989,1315.196963,2004.457964,996.5663109999999,1309.490078,1054.255901,214.119386,1233.6235570000001,1058.215878,1533.013649,1185.288077,1333.88427,875.452301,1013.8931029999999
17,17,04:15-04:30,1417.1370630000001,1477.028098,782.375944,1387.813083,1434.986308,871.2091539999999,1055.7023550000001,943.409512,1155.73306,1495.027122,1434.2062970000002,1373.465103,997.249314,894.554527,1126.2302539999998,1841.980179,1461.013014,1159.51962,1118.3149,1991.3035899999998,995.950997,1303.773835,1156.988155,193.360435,1217.617834,885.886115,1343.895814,1057.1732,1380.626065,938.967966,948.3494400000001
18,18,04:30-04:45,1150.624462,1209.6457599999999,784.122888,1309.2201619999998,1616.6702699999998,821.287612,937.0179939999999,944.912233,1461.497984,1506.153865,1390.4454640000001,1403.558201,907.0823439999999,884.698331,1710.385157,1748.076984,1365.064601,1348.860668,1133.9583519999999,1987.4581289999999,997.8454869999999,1305.108401,1372.66725,62.03439100000001,961.8297220000001,887.996504,1288.560016,1151.066082,1616.903824,781.696403,739.729095
19,19,04:45-05:00,1152.063887,1699.9212079999998,796.875624,1472.900871,1948.205191,911.490694,1009.3081460000001,1186.659979,1452.239902,1436.464633,1444.05322,1261.201796,1395.8509099999999,859.457736,1856.979034,1917.1605940000002,1518.206541,1370.376422,1271.7404609999999,2004.2882739999998,924.472325,1353.187908,1442.1516470000001,9.649453999999999,871.0076300000001,941.846571,1223.353723,998.7603949999999,1953.8776579999999,1079.402831,1107.379247
20,20,05:00-05:15,2097.382024,2103.063314,1327.391438,1621.267502,2099.14413,748.542705,1155.431164,1309.4656220000002,1177.130901,1545.950954,1377.813208,1213.796949,1365.724214,764.9895190000001,2060.564997,2185.006768,1697.4868600000002,1208.209184,1609.9379119999999,1965.589291,466.74230300000005,1332.751178,1376.160489,477.595929,981.282132,833.0359440000001,1126.582576,1005.191767,1877.3346170000002,1150.360607,1384.427772
21,21,05:15-05:30,2370.987412,2423.944422,1328.201925,1816.141379,2261.7160519999998,982.1960019999999,1285.1786710000001,1506.1550439999999,1356.279202,2095.1155350000004,2127.982497,1680.788641,2048.313575,738.62379,2152.374862,2372.2853760000003,2284.1852489999997,1129.451256,2245.21126,2096.925361,766.154044,1442.777103,2119.969989,887.6752119999999,956.5012429999999,1386.7953630000002,1264.947589,1507.366161,2008.637089,1471.63184,1798.445509
22,22,05:30-05:45,2807.733803,2633.457132,1582.404086,2063.577143,2615.216681,1086.726578,1998.4247739999998,1944.5869989999999,1480.555512,2497.956265,2352.54876,2129.940846,2345.738418,1650.543349,2574.389577,2575.980427,2686.5890679999998,1746.325995,2604.332431,2326.526186,1643.981259,1527.672731,2317.213995,1357.9304240000001,1405.238441,1699.797475,1491.2407230000001,2144.47599,2363.967965,2026.312657,2196.938147
23,23,05:45-06:00,3089.2240829999996,3046.5778739999996,1840.228685,2318.070862,2848.833952,1247.3977810000001,2045.764064,2406.746581,1433.256366,2398.645959,2284.252827,2621.635467,2132.492166,2469.396632,2754.3440739999996,2957.31619,2874.391709,2444.2642,2342.676041,2885.732562,2116.951889,1604.100838,2924.874476,2106.479872,1952.418823,2152.6978679999997,1766.719197,2429.631159,2605.669711,2547.7083039999998,2547.9503050000003
24,24,06:00-06:15,3464.7652869999997,3108.6218879999997,2728.655365,2083.509275,3271.235571,1434.31002,2206.594063,2336.875773,2117.1939899999998,1966.328768,2126.5571019999998,2689.942741,2765.6297649999997,2840.380435,2595.270352,3122.712127,3344.8169550000002,2850.284081,2463.2378320000003,3746.447072,2698.828567,1860.3219760000002,3122.825589,2410.9485059999997,2487.6144600000002,2656.035207,2348.558909,2858.615749,2692.610841,2735.792868,3103.810438
25,25,06:15-06:30,3830.83315,3285.209538,2753.670618,2583.562125,2904.317259,2292.0319600000003,2643.816295,1995.1588,2530.4422010000003,2329.324231,2230.793045,2717.236454,3079.6894260000004,2449.653569,3189.0210690000004,3188.402105,3142.567895,3130.167438,2616.6654489999996,3837.606297,2266.9890149999997,1685.2353420000002,2664.744939,2905.8654239999996,2865.189863,2976.199505,2979.1810609999998,3133.268561,2853.264457,2932.641643,3466.4945810000004
26,26,06:30-06:45,4215.124486,3403.38961,2522.863002,2755.375066,2787.112477,2652.763541,3012.433286,2254.435575,2735.860751,2526.957524,2497.1070440000003,2967.164084,2459.99899,2176.417359,3332.3124329999996,3469.6118109999998,3145.5344379999997,3437.100332,2652.247314,3915.701979,2753.05811,1841.1782620000001,3038.619338,2280.2723100000003,2564.758921,3853.155356,3580.253427,3112.335948,2826.654598,3061.0483649999996,3580.8532259999997
27,27,06:45-07:00,4204.327324,3337.737733,2832.897487,3068.939968,3153.192948,2189.481907,3248.092036,2461.821758,2647.176297,2656.722566,2459.924561,2699.7382829999997,2768.220922,2134.312794,3336.650318,3416.677821,3158.474056,3347.090482,2975.439899,3846.754374,2823.425348,1742.27108,2881.880325,2574.7885109999997,2817.655965,3930.5058200000003,3614.80955,3277.636285,3072.5663449999997,2993.7790809999997,3579.8973149999997
28,28,07:00-07:15,4503.308454999999,4098.923184,3110.695769,3236.740868,3290.48439,2257.415332,3490.6194200000004,2777.963044,3027.620655,2848.784822,3047.29452,3289.518725,2947.656079,2250.8426280000003,3597.359453,3493.7078490000004,3551.589216,3730.2790840000002,3255.5883350000004,3697.583566,3819.45459,2349.198866,3694.9382140000002,2789.720589,2591.807399,3688.8507619999996,3531.2863509999997,3140.786272,3288.198495,3481.787427,3420.0342590000005
29,29,07:15-07:30,4508.358215,4067.799206,3106.6992,3004.137525,3546.149857,2389.726168,3476.225331,3177.4483920000002,3265.882876,2917.702747,3137.125956,3537.0513090000004,3157.10948,2596.625985,3586.076957,3604.207078,3691.751804,3775.277197,3589.596979,3855.838554,3839.130436,2971.612921,3632.125525,2972.97397,3006.5890719999998,3788.632654,3556.452147,3369.45321,3794.3449270000006,3655.850938,3742.388199
30,30,07:30-07:45,4044.889549,3855.790807,3199.359076,2922.24476,3661.688343,2446.995841,3325.4821660000002,3247.929634,3561.448296,3042.008721,3369.791196,3436.2438380000003,3224.37763,2736.849894,3428.029654,3737.19634,3705.213217,3657.560664,3648.131224,3855.7885810000002,3733.664021,3253.3885649999997,3514.235776,3601.923647,3374.865797,3520.8462340000005,3508.4275869999997,3424.883887,3651.86269,3617.60065,3792.7877299999996
31,31,07:45-08:00,4281.186464,4263.900326,3596.382804,3334.6756,3888.795655,2037.419666,3167.8319850000003,3328.942584,3423.487539,2888.639049,3226.848155,3082.602265,3290.303997,2932.451317,3815.9254509999996,3626.440661,3544.204236,3427.7471490000003,3486.851304,3718.206714,3490.324893,3410.4194469999998,3456.083898,3365.2618979999997,3350.386299,3403.121196,3221.070773,3465.1078090000005,3506.64689,3381.891356,3673.406614
32,32,08:00-08:15,4539.15758,4342.388333,4027.456976,3735.98905,4135.627693,2298.69377,3016.365916,3320.061689,3258.912298,2789.8506,3068.812077,3146.697944,3191.01638,2981.862134,3963.674293,3619.6238729999995,3342.536624,3154.724325,3200.5276329999997,3804.6923030000003,3277.327005,3574.516654,3669.9960920000003,3070.3787260000004,3244.408161,3207.832075,3266.761853,3430.7174579999996,3374.835617,3482.7917,3821.658998
33,33,08:15-08:30,4460.730756,4300.121861,4012.309675,3748.8961649999997,4197.173496,3057.731044,3042.1294359999997,2950.5326800000003,2965.430678,2737.873933,2868.449001,3033.64684,2972.553242,2876.571119,3934.2888270000003,3733.951929,3312.2768539999997,3184.0005,3262.609833,3789.0459049999995,3151.208241,3836.5135609999998,3609.46299,2963.144038,3133.539028,3138.625432,3235.702268,3412.852496,3310.241318,3368.8512100000003,3911.206437
34,34,08:30-08:45,4371.105512,4243.449965,3992.709637,3690.7697630000002,4047.5322380000002,3305.171859,3373.9052490000004,2975.5379550000002,2812.302138,2698.855752,2670.727922,2897.784754,3028.0014960000003,2783.178957,3891.354722,3919.5077479999995,3269.953916,3326.9995670000003,3217.938459,3764.4262659999995,3067.917593,3719.0034729999998,3500.7196259999996,2843.784475,3066.242952,3187.7304489999997,3160.5317579999996,3397.690724,3278.9406059999997,3312.624326,3802.1414619999996
35,35,08:45-09:00,4233.075836,4128.833562,4014.017517,3705.1305009999996,4001.6743380000003,3342.392406,3531.879593,3118.132063,3060.686278,2640.145555,2859.788728,2869.954754,3117.164524,2537.0887789999997,3820.706517,3833.594485,3248.302189,3318.675143,3204.473778,3712.493539,3045.618904,3559.4446799999996,3439.423187,3075.061674,3184.034,3126.399778,3104.348386,3315.5940539999997,3257.281725,3287.064199,3752.935632
36,36,09:00-09:15,4227.3281369999995,4164.468733,3432.095598,3982.892128,4280.70454,3518.490178,3428.363553,3072.609278,2992.366405,2578.298623,2825.0816,2786.182381,3018.786818,2740.87338,3728.1115590000004,3799.590552,3156.059874,3314.911704,3135.341262,3547.001921,3267.9251289999997,3489.6714899999997,3523.6461340000005,2864.049225,3119.940978,2972.726096,3121.382329,3267.762078,3234.07452,3276.804425,3696.8440600000004
37,37,09:15-09:30,4212.795788,3970.597026,3572.6735,3890.2098909999995,4278.457327,3572.9845560000003,3297.374207,3019.7665859999997,2953.870436,2507.058649,2770.192596,2756.2359079999997,2991.686818,2796.451118,3299.777399,3520.6756659999996,3121.2668129999997,3152.5596579999997,3087.998016,3389.054507,3220.171053,3431.524611,3378.201701,2900.770322,3077.261943,2839.6183079999996,2818.62033,3212.9710760000003,3185.646882,3308.191804,3561.802864
38,38,09:30-09:45,4090.765788,3937.9189439999996,3896.2408880000003,4098.99803,4436.677618,3498.7873590000004,3141.637774,2787.814379,2915.510966,2348.8562660000002,2895.334336,2739.8576350000003,2960.377626,2711.297809,3301.052252,3431.05882,3054.3374440000002,2811.7831539999997,3053.1715280000003,3141.670947,3165.401163,3220.3793170000004,3057.843671,2910.9531850000003,3026.491638,2680.858546,2851.656897,2910.8464480000002,3086.692232,3221.199176,3389.3930490000002
39,39,09:45-10:00,3939.6752119999996,3766.4579049999998,3907.8448399999997,4008.975774,4345.893768,3310.945304,2903.9492370000003,2703.557708,2507.42736,1749.053621,2724.657304,2733.400033,2922.331426,2666.013769,2934.119461,3097.4439859999998,2969.504992,2435.979679,2245.6775989999996,3074.4581120000003,2984.1988969999998,3084.173564,2877.443968,2949.063225,2962.383937,2684.6369329999998,2853.1613230000003,2594.918187,2833.853642,3133.975607,3282.0633510000002
40,40,10:00-10:15,3645.5003509999997,3551.028501,3536.1047329999997,3882.0194079999997,3845.424567,2918.4278719999998,2704.478225,2508.27857,2342.219376,2360.702523,2817.236938,2695.762022,2614.500414,2823.376819,3263.424752,3238.5304920000003,2725.8515079999997,2215.9297100000003,2846.346974,2965.995354,2824.321851,3086.294269,2617.918759,2842.760813,2181.045961,2651.212693,2733.307777,2540.758215,2413.606956,2937.6328350000003,3179.567913
41,41,10:15-10:30,3626.260351,3533.1122060000002,3473.79102,3918.122014,3808.5899259999997,2784.809439,2949.5599079999997,2584.433077,2124.4876719999997,2322.667731,2987.968966,2675.218679,2584.535732,2594.016971,3572.268487,3271.050491,2557.965848,2429.2048059999997,3023.228372,2904.2331510000004,2810.651851,3171.096854,2105.129547,2803.001823,2684.419389,2613.729743,2667.973739,2633.155054,2367.891595,2960.767667,3157.898794
42,42,10:30-10:45,3413.990351,3397.9227920000003,3572.185143,3825.6350700000003,3554.8228950000002,2683.695698,2945.480713,2564.303077,2352.952287,2466.7579960000003,2923.318687,2638.094245,2723.503498,2553.0246309999998,3659.0884170000004,3284.863233,2426.2314309999997,2537.953802,2977.617746,2886.093151,2774.998266,3267.9665019999998,2717.515168,2648.343471,2833.085702,2595.732654,2656.083173,2598.988755,2635.223193,2933.2560949999997,3241.3382
43,43,10:45-11:00,3203.580351,3316.3019510000004,3462.243823,3749.5466890000002,3514.5588789999997,2616.5142960000003,2858.1807129999997,2742.651704,2335.802052,2550.249239,3091.650642,2619.324245,2748.022622,2405.775518,3688.6433979999997,3329.048057,2405.161744,2755.554042,3021.897027,2873.343151,2791.488291,2916.643044,2801.263128,2028.377082,2805.992846,2639.345154,2623.579771,2575.2513559999998,2533.3956239999998,2890.035553,3240.2556219999997
44,44,11:00-11:15,2640.1543850000003,2927.429131,3324.683823,3467.406689,3114.777051,2599.839348,2809.915812,2692.990508,2389.522247,2284.389858,3363.6116979999997,3058.194245,2861.1615269999998,2654.192858,3870.067071,3767.812744,2942.20838,2562.0666899999997,2968.934132,3115.499491,3805.2550420000002,3554.82335,3325.980408,2471.815402,3076.106927,2810.884131,2650.4504420000003,2638.506216,2431.437545,3104.90379,3203.224977
45,45,11:15-11:30,2608.726007,2759.276724,2923.6177559999996,3169.544633,2914.077814,2675.467904,2745.27864,2726.930664,2378.5409449999997,2408.17982,3842.010313,3542.628521,3138.330421,3018.42911,4156.125913,4311.883461,3148.3434239999997,2627.04963,3259.5531530000003,3616.1501240000002,4099.819958,4036.1834289999997,3428.410429,2787.008619,3096.360051,2852.045845,2920.314378,2807.07911,2551.036936,3426.217478,3440.5227210000003
46,46,11:30-11:45,2583.311966,2487.2669969999997,2580.316068,2979.8104329999996,2875.598448,2734.981243,2795.1189719999998,2466.231964,2332.6388269999998,2769.064552,3896.633164,3571.013811,3152.750421,3096.790667,4062.470097,4480.723103,3140.248666,2659.064987,3544.114736,3508.440376,4002.08798,3986.013893,3428.4807060000003,2821.261578,3099.0183239999997,2665.739035,2990.3865100000003,2765.308375,2586.694055,3374.779414,3305.557218
47,47,11:45-12:00,2579.4960140000003,2460.454354,2165.182515,2799.8304329999996,2814.566147,2669.674731,2933.514471,2403.445932,2324.488827,2712.4920850000003,3655.067972,3543.453536,3171.593198,3225.591599,3969.5460439999997,4443.787033,3178.088124,2794.811295,3641.5186840000006,3680.6376149999996,3949.52798,3974.866929,3346.838199,2774.212202,2711.4759710000003,2546.050444,3060.719273,2718.431599,2672.0455,3318.284818,3156.3541760000003
48,48,12:00-12:15,2595.983463,2407.539569,2336.511154,2619.393601,3083.594018,2814.785265,2941.355321,2597.88153,2605.180159,2558.341385,3705.650414,3581.655556,3203.8699579999998,3337.972459,4014.4634060000003,4472.78361,3183.952562,2787.958211,3688.18509,3773.2289630000005,3924.6588469999997,3948.316418,3169.823257,2615.940685,2834.711534,2385.8545649999996,2978.945459,2758.541558,2840.952114,3250.951626,3037.815897
49,49,12:15-12:30,2579.2650320000002,2406.2195690000003,2380.713138,2600.571982,3098.023119,3127.4650070000002,3126.690166,2728.319431,2739.3337699999997,2675.1662,3894.0867009999997,3554.1013729999995,3090.576125,3230.246691,4175.1666079999995,4074.5575630000003,3116.829722,2771.598211,3657.030756,3676.254956,3924.186027,3927.92392,2596.650012,2506.210545,2776.1361,2556.0722809999997,3235.319347,2954.146107,3016.164646,3321.840248,2934.19047
50,50,12:30-12:45,2575.4826940000003,2408.602149,2438.895748,2590.133601,2978.9755600000003,3311.036868,3164.041338,2683.845405,2667.953853,2741.7877719999997,3910.178422,3415.8459840000005,3111.980736,3223.494709,4091.611457,3735.283057,2469.285129,2727.145654,3656.57678,3505.001268,3931.367147,3326.016669,2932.442703,2190.281864,2821.346225,2611.197959,3295.879347,2891.904391,2871.074932,3377.656503,2805.576441
51,51,12:45-13:00,2580.549773,2240.204132,2427.587642,2481.2736010000003,2918.151478,3274.775965,2807.037269,2741.6577629999997,2723.4654809999997,2708.065734,3906.1313200000004,3415.292098,3093.9924920000003,3211.778524,4005.9377640000002,3829.663435,3020.964795,2726.871994,3652.61678,3292.768317,3934.827429,3618.792055,2923.881172,2302.9553730000002,2819.193582,2635.831339,3329.2004829999996,2618.544814,2784.1052,3389.798876,2716.301329
52,52,13:00-13:15,2621.370039,2088.669039,2346.690659,2425.950159,2767.17479,3111.69879,2701.311277,2653.809354,2772.8430670000002,2749.419742,3892.1034240000004,3453.038271,3136.7419010000003,3324.3822760000003,3876.423135,3994.539143,3007.7949559999997,2685.316569,3391.1341409999995,3350.521932,3870.062453,3695.574655,2876.99222,2325.824966,2791.2935820000002,2630.682868,3151.16183,2761.117116,2692.244792,3269.988371,2865.039068
53,53,13:15-13:30,2620.135991,1766.470636,2293.266216,2472.011177,2499.801039,2938.48627,2699.080871,2604.841931,2810.456678,2681.949224,3852.5030939999997,3375.9403409999995,3147.442869,3333.452276,3884.9182630000005,4019.6036990000002,2975.815563,2604.5402289999997,3565.528114,3317.997108,3671.762769,3644.282132,2898.371068,2352.181454,2780.2082600000003,2540.642868,3188.443154,2693.7116149999997,2699.88763,3300.186435,2882.551731
54,54,13:30-13:45,2518.257735,1764.874459,2192.239188,2417.9414920000004,2467.067751,2978.760048,2733.05619,2641.358237,2756.5906809999997,2718.492949,3874.2427549999998,3410.236943,3297.672869,3243.595071,3835.8083509999997,4172.403064,3048.328952,2517.639041,3496.685489,3461.652039,3554.430885,3658.2858439999995,2919.064687,2307.7788800000003,1615.399007,2455.359985,3142.207354,2606.499391,2525.007991,3304.3632420000004,2868.303573
55,55,13:45-14:00,2542.6184510000003,1936.250146,2402.657714,2319.531492,2362.850952,2890.913239,2727.486998,2704.433357,2494.547988,2529.353187,3926.0427549999995,3448.90109,3196.0344670000004,3289.936068,3873.1682450000003,4274.055189,2994.998952,2552.593684,3510.0956189999997,3633.443314,3568.309097,3676.62414,2862.3428329999997,2343.362565,2250.224993,2368.140887,3001.233791,2734.972443,2577.8367550000003,3254.704197,2777.7382079999998
56,56,14:00-14:15,2678.527888,2073.740198,2445.2367289999997,2296.1914890000003,2301.236346,2959.455588,2957.7159920000004,2960.8082219999997,2392.6907079999996,2740.032181,3948.37144,3413.1126719999997,3124.936874,3014.9724730000003,3957.846974,4341.288426,3044.12992,2625.476083,3527.342678,3465.4301450000003,3607.7628090000003,3623.318357,2886.448727,2136.476907,2539.3006219999997,2539.642984,3250.754204,2771.743775,2625.401201,3101.7765329999997,2690.917541
57,57,14:15-14:30,2690.7178879999997,2169.080198,2457.849967,2309.6914890000003,2300.782365,2945.210208,2934.1705469999997,3077.381833,2618.4549260000003,2686.7415969999997,4011.3824219999997,3383.7913590000003,3147.62206,3008.04116,4018.436974,4385.6960659999995,3110.117326,2686.312423,3572.0600560000003,3332.680597,3626.779989,3350.088322,2911.748473,1871.963886,2523.740907,2509.895685,3321.232239,2836.505674,2688.841201,3123.994289,2575.646183
58,58,14:30-14:45,2700.523213,2232.274539,2488.051101,2322.733957,2370.592365,2864.421961,2994.8343800000002,3143.179366,2787.768631,2770.541597,4024.930422,3443.5325049999997,3228.08206,3156.8742260000004,4095.345657,4252.302043,3173.1508059999996,2795.247848,3609.970056,3390.6056020000005,3697.7338990000003,2750.113038,2980.463266,2579.140269,2604.0098629999998,2734.304888,3429.453367,2925.541717,2703.438676,3052.688925,2500.021424
59,59,14:45-15:00,2497.7548269999998,2136.827805,2498.8364260000003,2357.395996,2474.688515,2866.909239,2974.439812,3295.518811,2864.141411,2869.478575,3970.7455219999997,3535.165651,3306.355167,3309.130106,4201.070683,4110.76254,3145.498208,2893.450405,3665.227857,3337.337657,3767.3700259999996,3566.0742590000004,3176.4102399999997,2654.5030030000003,2688.721239,2716.664888,3503.272182,2985.412081,2865.02671,3207.780483,2616.8487059999998
60,60,15:00-15:15,2492.227537,2031.319737,2535.51594,2359.142081,2525.324034,2895.3467600000004,2961.737525,3174.845864,2768.3856690000002,2851.000982,3911.7739979999997,3632.7248159999995,3465.496276,3410.75915,4206.712263,3962.5945770000003,3209.7810640000002,2943.018563,3597.138121,3730.031051,2981.697811,3857.975607,3268.571352,2620.021544,2833.5375050000002,2887.394886,3419.509281,2985.052311,2969.500473,3323.934124,2632.00069
61,61,15:15-15:30,2471.052071,2050.892975,2545.0359399999998,2381.214414,2670.017289,3129.770962,2996.932607,2856.203702,2804.015908,2961.374239,3963.374551,3737.230481,3481.132276,3607.166472,4356.9292700000005,4260.753232999999,3475.7721810000003,3062.047864,3493.573417,3894.2979979999996,2354.229717,3879.702132,3263.624096,2566.770708,2920.865258,3024.001272,3148.942099,2933.981378,3105.892556,3497.5552020000005,2661.935884
62,62,15:30-15:45,2512.30856,2118.304099,2575.062599,2427.843581,2630.732156,3330.707692,2931.3726070000002,2929.268181,2875.408245,2913.0578170000003,3775.480741,3836.819825,3524.864575,3825.379196,4593.136174,4553.2740380000005,3553.5270590000005,3054.34257,3548.728319,3889.658254,2709.159303,3983.839863,3280.013491,2692.942643,2953.424032,2740.100899,3220.001175,2820.642706,3148.011909,3621.542432,2795.4271940000003
63,63,15:45-16:00,2539.125294,2192.650269,2598.412599,2449.3295329999996,2560.001153,3385.360849,3111.785657,3260.506789,3007.90213,3104.994796,3698.970997,3845.489212,3668.457721,4048.0738409999994,4751.335274,4607.318767,3705.3203359999998,3207.6755980000003,3742.6857130000003,3968.623688,3331.626722,4174.888806,3280.436932,2827.418991,3115.739988,2983.585945,3326.6583140000002,3046.9861730000002,3201.543032,3749.975836,2828.9860510000003
64,64,16:00-16:15,2785.109168,2223.108195,2613.166365,2469.566652,2826.3754719999997,3272.2369350000004,3252.288735,3476.1163880000004,3157.476646,3188.479988,3695.2941079999996,3876.278839,3427.296357,4184.102577000001,4987.600659000001,4526.158924,3777.6922630000004,3268.608712,3689.4913090000005,3916.713233,3729.233605,4203.375273,3231.370601,2249.32263,3240.502312,2862.329271,3269.333407,3035.271968,2953.728351,3670.315323,3026.1699
65,65,16:15-16:30,2600.0384,2367.033531,2717.5934899999997,2575.674399,2699.6818510000003,3278.415318,3284.443993,3720.7042030000002,3382.1833020000004,3299.877602,4021.7989700000003,3955.910915,3397.2262549999996,4231.71211,5139.983947,4324.914390999999,3728.703245,3046.828434,3787.088299,3850.173496,3874.3323659999996,4253.480372,3363.593136,2655.760438,3324.155364,3051.403989,3414.143679,3147.213017,2983.559017,3712.164753,3118.3258960000003
66,66,16:30-16:45,2633.466867,2692.6404260000004,2793.2760129999997,2659.3645149999998,2467.809691,3056.875111,2935.233022,3778.0025579999997,3465.7739880000004,3440.6941840000004,4080.4934700000003,4068.953488,3556.022176,4109.492644,5176.783209,4342.585911,3884.255386,3417.8287119999995,3851.0078670000003,3641.7931240000003,3899.8685149999997,3979.0742840000003,3505.059878,3146.702715,3372.2506479999997,3123.5616670000004,3614.284207,3206.8869170000003,3192.110078,3716.1913240000003,3157.3580899999997
67,67,16:45-17:00,2754.8170440000004,2827.85657,2898.551535,2769.4511820000002,2486.984431,3141.959477,2952.975034,3833.2733200000002,3578.2438799999995,3446.949688,4096.437166,4077.1538549999996,3530.0175950000003,3842.2487539999997,5086.933977000001,4160.424198,3775.7205719999997,3579.273914,3796.5173219999997,3495.1246170000004,4015.282102,4050.8077439999997,3502.0611369999997,3010.18553,3385.795478,3117.8648239999998,3659.980804,3077.9568289999997,3226.145725,3649.7303799999995,3113.334453
68,68,17:00-17:15,2927.378384,3047.007752,3026.2210760000003,2939.176137,2539.2410059999997,3307.801516,3077.384415,3379.44274,3089.123565,3209.1745760000003,3734.427371,3596.354268,2838.6889579999997,2924.568975,4253.38226,3338.934953,3550.514153,3355.279106,3333.7306329999997,3153.110564,3536.253201,3907.426197,3106.000297,2751.868077,2915.094898,2948.409348,3226.058343,2686.9110570000003,2713.643296,3032.829485,3051.71739
69,69,17:15-17:30,2990.869553,2956.60994,3087.420967,3005.491766,2632.731108,3313.025035,3173.152783,3268.6545730000003,3017.00097,2947.885915,3516.741386,3358.9980219999998,2946.276945,3007.880189,4336.086270000001,3342.405196,3282.631597,3064.327057,2995.422226,3163.776784,3380.281331,3545.087507,3240.376812,2754.3025620000003,3049.859474,3039.354617,3130.286495,2816.59444,2891.797525,3156.851595,3105.5286929999997
70,70,17:30-17:45,3125.924529,2763.71447,3207.281625,3104.878897,2775.550495,3332.541082,3279.643843,3063.379516,3123.330468,3050.478534,3319.27983,3344.452582,3073.161384,3209.257888,4383.699729,3254.9952949999997,3402.544794,3110.015188,3339.513143,3276.791103,3300.973689,3623.864695,3380.512808,2983.420435,3119.864145,3168.675541,3251.10053,2923.016803,3031.67338,3302.406932,3083.079568
71,71,17:45-18:00,3227.866889,2950.225018,3354.0998,3223.594122,2978.337565,3605.5551560000004,3422.43211,3423.8195020000003,3301.436104,3172.1556769999997,3379.69277,3339.972997,3237.612004,3363.169216,4048.7649659999997,3547.7848700000004,3533.1084079999996,3161.738785,3445.478934,3274.633315,3116.770462,3724.3048909999998,2963.199248,3124.7392839999998,3278.96536,3273.852179,3309.8906079999997,3076.234969,3169.777924,3461.4959280000003,3372.9035659999995
72,72,18:00-18:15,3291.765123,2972.9954199999997,3385.228125,3269.208653,3061.633911,3713.542906,3328.4888690000002,3454.525767,3352.511841,3193.694787,3416.3778469999997,3350.6538149999997,2916.785304,3308.29972,4369.379719,3942.2223799999997,3539.267982,3202.093371,3509.981841,3069.6648440000004,3316.5483870000003,3848.3357060000003,3473.646056,3217.240045,3377.5332710000002,3470.466318,3156.7980629999997,3354.732897,3146.6356170000004,3501.4346969999997,3447.1760799999997
73,73,18:15-18:30,3302.159612,2978.83857,3393.443646,3256.163964,3039.549328,3708.265064,3515.279038,3596.9777990000002,3377.021897,3234.064538,3526.6510270000003,3390.736696,2364.5420010000003,3365.4375219999997,4432.831190999999,3951.496431,3549.722956,3311.912738,3513.666815,3310.375525,3272.835572,3814.2315759999997,3627.341081,3246.6272050000002,3416.8233950000003,3526.7315399999998,3427.331352,3400.349397,3263.353396,3572.827353,3485.5801490000003
74,74,18:30-18:45,3286.1174969999997,2758.210704,3328.085345,3249.503295,2994.99413,3771.2353840000005,3491.93701,3608.660835,3376.343665,3187.355066,3505.7438939999997,3383.4538020000005,1887.343173,3331.6267550000002,4323.491784000001,4018.696494,3471.017754,3368.0168310000004,3254.1410260000002,3426.3785909999997,3274.486548,4070.7878140000003,3516.6809009999997,3226.660828,3626.3103899999996,3510.5816189999996,3405.50499,3358.31815,3410.812771,3601.845669,3468.506047
75,75,18:45-19:00,3205.815454,2643.024656,3303.477088,3172.179397,2813.185139,3474.117676,3444.354836,3450.731301,3178.981746,3133.999878,3526.9104509999997,3330.647143,2305.665709,3280.717842,4236.266875,4011.2105850000003,3633.8860640000003,3366.3560049999996,3116.358632,3570.3184969999998,3216.11492,4144.760972,3474.913442,3191.66434,3629.3475200000003,3429.077704,3347.554945,3295.6583920000003,3425.953667,3651.747249,3464.195067
76,76,19:00-19:15,3087.273229,2302.924947,2690.3328739999997,2844.343623,2639.067446,3157.070294,3341.079177,3364.564803,3198.890473,3026.275301,3442.422087,3207.930444,2605.655843,3139.87628,4273.555806,3997.5101159999995,3435.9804719999997,3292.5734,3287.349691,3453.8204509999996,3194.468206,3914.665603,3171.87408,2331.481576,3516.815976,3306.190108,3255.295929,3205.050233,3321.9585399999996,3540.0419880000004,3230.098276
77,77,19:15-19:30,2884.704954,2276.9812629999997,2517.146287,2605.880376,2472.773236,2812.1643670000003,3165.489975,2890.08695,3024.426309,2852.774843,3292.0317,3042.231313,2544.8445030000003,2999.837053,4218.092538,3710.859216,3302.599391,3206.135481,3280.062465,3395.7389009999997,3226.657759,3798.7602799999995,2739.586886,2859.481929,3342.5222489999996,3100.5706,3054.713627,3025.322176,2989.385671,3352.950738,3083.9058170000003
78,78,19:30-19:45,2816.977905,2175.544553,2307.024387,2300.64613,2381.634113,2708.301125,3016.778992,2656.587062,2869.0197359999997,2723.424466,2873.470603,2890.148611,2268.314998,2876.292119,3931.0697659999996,3612.0555799999997,3133.8404739999996,2867.615928,3097.986082,3196.677728,3065.1596440000003,3668.62875,2837.671723,2678.45635,2917.288047,2691.783181,2912.874639,2894.717266,2901.7763489999998,3226.2002899999998,3088.528287
79,79,19:45-20:00,2733.679478,2072.376992,2113.040262,1992.3489399999999,2281.155263,2678.2864050000003,2731.510038,2555.218924,2540.986415,2643.8679829999996,2536.8080170000003,2785.2307370000003,2118.3701969999997,2771.889147,3571.193472,3199.348501,3003.366686,2674.011361,2999.70883,2805.5148670000003,2797.798324,3356.8157939999996,2803.622975,2591.811404,2770.7220989999996,2759.473289,2806.082189,2798.389183,2899.522512,3119.034943,3022.7856100000004
80,80,20:00-20:15,2222.545056,1668.7953380000001,1764.147086,1652.608792,1796.5112739999997,2665.645502,2440.552711,2344.2576480000002,2378.107235,2236.153747,2433.175104,2606.328689,1648.78434,2721.452135,3101.976528,2886.665925,2966.386493,2607.120359,2424.973705,2295.0626190000003,2707.352237,3281.5982489999997,2339.449875,2499.410502,2682.790983,2625.473971,2710.071135,2429.306229,2535.525822,3064.392629,2470.5091469999998
81,81,20:15-20:30,2149.335692,1451.544772,1668.6258890000001,1444.792563,1494.042303,2630.372467,2570.6791190000004,2293.848806,2229.5804399999997,2102.414377,2373.237361,2396.866396,1002.764194,2525.699204,2855.8181870000003,2878.287636,2823.0402510000004,2434.9175920000002,2230.423645,1731.392119,2607.9450420000003,3230.8074260000003,2166.838835,2141.758879,2493.921498,2524.123207,2566.517974,2203.927122,2397.13789,2851.588315,2222.669886
82,82,20:30-20:45,1858.3491399999998,1181.705911,1451.038732,1293.3933279999999,1102.0199300000002,2608.837731,2543.38642,2068.58518,2024.5706280000002,1847.585201,2357.060809,2066.615757,918.961708,2174.677487,2586.60293,2843.649578,2280.906275,2247.160077,2015.279959,1886.729593,1918.199121,3148.45203,1996.930344,1865.882465,2306.7561309999996,2395.835419,2346.951815,2114.231239,2218.190111,2486.014773,2069.5376969999998
83,83,20:45-21:00,1775.022175,963.8105869999999,1323.524513,1342.1412779999998,1143.039002,2637.0956699999997,2534.973463,1965.1282579999997,1802.37365,1448.1268519999999,2047.0889539999998,1701.4774149999998,1050.398864,1999.0760239999997,2583.804366,2810.439578,1998.987448,2046.8679769999999,1863.980096,1669.485753,2207.4589539999997,2979.266048,1749.716591,1770.269064,1880.6058600000001,2175.57298,2107.7406149999997,1828.6244379999998,1843.640888,2104.900577,1710.346525
84,84,21:00-21:15,1838.0372760000002,1166.401411,1357.5231720000002,1472.954882,1374.405764,2647.082849,1441.786742,1518.116139,1696.8460699999998,1254.794485,1972.404694,1671.215799,799.8407559999999,1936.0500969999998,2701.1453309999997,2728.40718,2139.1828170000003,1978.32685,2070.94606,1209.0797539999999,2307.0133600000004,2952.299914,1743.3617579999998,1594.1574970000001,1899.01545,2184.773901,2110.6503989999997,1668.805302,1678.3422859999998,1889.458275,1806.5835399999999
85,85,21:15-21:30,2004.424107,1505.308595,1210.763729,1551.9610300000002,1360.8968810000001,2681.211684,1516.428214,1490.148299,1663.73607,1208.901988,1869.1597370000002,1762.476031,1697.3307559999998,1803.5847010000002,2857.470111,2622.342353,2328.602535,2277.706725,2174.038838,1598.263302,2491.792344,3135.019906,1761.742041,1645.1837449999998,1987.001732,2774.77992,2063.916001,1850.194255,1885.111354,1892.161711,1643.564257
86,86,21:30-21:45,2233.351971,1851.0842440000001,1111.1713949999998,1477.1200800000001,1178.1422699999998,2566.550032,1413.5310279999999,1518.5223460000002,1551.3492509999999,1307.665696,1676.395847,1829.8134469999998,1754.9918,1938.007309,2771.569841,2618.556759,2119.583604,2390.323766,2439.106428,1210.6948289999998,2446.768763,3229.444462,2005.029225,1938.5822219999998,2184.62419,2777.910332,2299.087266,2212.316453,1893.895737,2204.784545,1741.804522
87,87,21:45-22:00,2585.956478,1994.17863,1446.200626,1426.0981960000001,1071.213057,2505.225164,1348.0349820000001,1744.157907,1631.341718,1531.476323,1581.343451,2439.331294,1644.157122,2309.3127280000003,2810.421688,2551.7477480000002,2455.632724,1938.1274760000001,2543.522507,1325.604757,2675.035238,3161.22348,2496.307728,2519.93017,2363.793901,2778.77826,2602.921084,2278.268659,2404.12381,2716.010929,1481.134852
88,88,22:00-22:15,2718.753893,2595.035118,2221.9504460000003,2491.5669359999997,2225.55413,2521.3822800000003,1385.165469,2085.762376,1798.838107,1905.555657,1854.1792059999998,2442.0712489999996,2531.730579,2371.3269210000003,2817.806596,2301.597075,2612.019729,2476.536232,2690.931499,2067.112737,2697.9752489999996,3182.129602,2675.650657,2566.116611,2708.707119,2784.128787,2754.2207329999997,2894.918327,2489.392295,2705.9873039999998,1995.728407
89,89,22:15-22:30,2735.611055,2564.234095,2535.096064,2572.236882,2237.9138420000004,2761.345568,1889.6830690000002,2443.599976,2220.668107,2366.76079,2440.953482,2542.457211,2683.2517390000003,2590.449072,2834.449549,2646.2850719999997,2607.4553309999997,2497.5861600000003,2689.706487,2363.726613,2708.489748,3181.889936,2675.184115,2565.6828579999997,2709.2437370000002,2782.854357,2743.572229,2894.993144,2595.778991,2705.783855,2374.573353
90,90,22:30-22:45,2724.1945149999997,2566.062577,2475.520455,2573.221825,2232.192638,2737.093297,2059.4104850000003,2547.46364,2270.351788,2336.691855,2405.674348,2519.669864,2807.112277,2689.527425,2769.7104280000003,2789.924284,2595.411144,2497.801177,2694.0192,2439.371982,2704.785547,3177.4510219999997,2622.21088,2519.834315,2718.2053379999998,2782.751859,2750.873693,2872.111147,2594.8455089999998,2688.751218,2477.756252
91,91,22:45-23:00,2685.678223,2431.2004,2377.367015,2573.582429,2226.961338,2734.937778,2479.795128,2547.033217,2495.161788,2336.6764980000003,2406.858139,2519.691465,2831.7874260000003,2708.710059,2734.317161,2829.655211,2595.49703,2502.503034,2655.350799,2436.911539,2702.474549,3177.6181070000002,2613.253081,2521.495134,2687.604582,2782.533026,2736.725915,2872.2836079999997,2594.969733,2689.2330699999998,2493.636934
92,92,23:00-23:15,2665.602509,2524.701112,2272.322796,2526.9845179999998,2228.323939,2721.8672920000004,2568.4277260000003,2519.451977,2491.169373,2326.925747,2402.524599,2473.281361,2786.245386,2689.091639,2711.99631,2779.951074,2590.586627,2475.759929,2597.784752,2066.584243,2703.4854219999997,3131.34977,2603.955762,2511.900219,2681.112245,2774.015953,2744.852368,2863.766815,2585.517664,2659.787443,2481.183891
93,93,23:15-23:30,2638.68549,2522.840694,2151.985367,2525.784284,2224.243705,2726.7689219999997,2567.108759,2518.73301,2488.036906,2324.60533,2406.264988,2473.1113609999998,2758.742979,2678.733058,2699.7430449999997,2697.4905940000003,2585.926627,2618.960732,2634.313513,2059.32902,2703.160107,3131.5665059999997,2599.2190969999997,2512.008518,2680.002245,2774.23283,2732.089404,2863.3768149999996,2585.955766,2659.2638269999998,2485.186095
94,94,23:30-23:45,2614.6354899999997,2522.7506940000003,2217.225411,2525.204284,2225.093705,2723.797435,2567.708759,2519.1680760000004,2475.040807,2323.27533,2424.809155,2450.718865,2711.352979,2678.733058,2684.156547,2646.464058,2579.264367,2624.525738,2665.721295,1641.202442,2685.364962,3131.024455,2596.471164,2511.434577,2679.882245,2773.535953,2741.6900600000004,2862.896815,2585.517664,2658.770478,2488.527214
95,95,23:45-24:00,2588.813507,2523.415027,2273.926888,2525.294284,2192.441034,2723.579054,2567.708759,2518.73301,2475.763239,2326.08533,2450.94222,2453.196458,2711.745386,2677.041196,2684.156547,2620.2006760000004,2582.120655,2632.913314,2665.721295,1398.063391,2689.7534960000003,3131.024455,2596.493511,2511.434577,2680.202245,2772.76173,2739.418331,2862.7968149999997,2585.517664,2660.047148,2512.085863
